{
  "resourceType": "NegativeEncounterPerformed",
  "id": {
    "value": "example"
  },
  "code": {
    "code": "example-code"
  },
  "patientId": {
    "value": "example"
  },
  "authorDatetime": "2019-01-04",
  "admissionSource": {
    "code": "example-admission-code"
  },
  "diagnosis": [
    {
      "code": "example-diagnosis-code-12",
      "display": "example-display"
    }
  ],
  "facilityLocation": [
    {
      "code": {
        "code": "example-location-code"
      },
      "locationPeriod": {
        "start": "2019-01-01",
        "end": "2019-01-01"
      }
    }
  ]
}